URL,Date,Company,Id
"http://wayback.archive.org/web/20130409201329/http://2kvegas.com
",20130409,2kvegas.com,1
"http://wayback.archive.org/web/20130608072246/http://2kvegas.com:80/
",20130608,2kvegas.com,1
"http://wayback.archive.org/web/20130718161017/http://2kvegas.com:80/
",20130718,2kvegas.com,1
"http://wayback.archive.org/web/20140227054230/http://www.2kvegas.com/
",20140227,2kvegas.com,1
"http://wayback.archive.org/web/20140326100958/http://www.2kvegas.com/
",20140326,2kvegas.com,1
"http://wayback.archive.org/web/20140517002643/http://2kvegas.com/
",20140517,2kvegas.com,1
"http://wayback.archive.org/web/20140703093346/http://www.2kvegas.com/
",20140703,2kvegas.com,1
"http://wayback.archive.org/web/20140930131038/http://www.2kvegas.com:80/
",20140930,2kvegas.com,1
"http://wayback.archive.org/web/20141031171303/http://www.2kvegas.com:80/
",20141031,2kvegas.com,1
"http://wayback.archive.org/web/20141205185946/http://www.2kvegas.com:80/
",20141205,2kvegas.com,1
"http://wayback.archive.org/web/20150106031214/http://www.2kvegas.com:80/
",20150106,2kvegas.com,1
"http://wayback.archive.org/web/20150219050920/http://www.2kvegas.com:80/
",20150219,2kvegas.com,1
"http://wayback.archive.org/web/20150317152657/http://www.2kvegas.com/
",20150317,2kvegas.com,1
"http://wayback.archive.org/web/20150426151747/http://www.2kvegas.com:80/
",20150426,2kvegas.com,1
"http://wayback.archive.org/web/20150801041334/http://2kvegas.com/
",20150801,2kvegas.com,1
"http://wayback.archive.org/web/20150905194127/http://www.2kvegas.com/
",20150905,2kvegas.com,1
"http://wayback.archive.org/web/20160109223452/http://2kvegas.com/
",20160109,2kvegas.com,1
"http://wayback.archive.org/web/20160307234449/http://www.2kvegas.com/
",20160307,2kvegas.com,1
"http://wayback.archive.org/web/20160429181145/http://2kvegas.com/
",20160429,2kvegas.com,1
"http://wayback.archive.org/web/20161003095046/http://2kvegas.com/
",20161003,2kvegas.com,1
"http://wayback.archive.org/web/20170203054146/http://www.2kvegas.com:80/
",20170203,2kvegas.com,1
"http://wayback.archive.org/web/20170430064028/http://www.2kvegas.com/
",20170430,2kvegas.com,1
"http://wayback.archive.org/web/20170606135057/http://www.2kvegas.com/
",20170606,2kvegas.com,1
"http://wayback.archive.org/web/20170809084457/https://2kvegas.com/
",20170809,2kvegas.com,1
"http://wayback.archive.org/web/20170921183617/http://2kvegas.com/
",20170921,2kvegas.com,1
"http://wayback.archive.org/web/20171001092851/http://www.2kvegas.com:80/
",20171001,2kvegas.com,1
"http://wayback.archive.org/web/20171104055110/https://2kvegas.com/
",20171104,2kvegas.com,1
"http://wayback.archive.org/web/20180330091842/http://2kvegas.com/
",20180330,2kvegas.com,1
"http://wayback.archive.org/web/20180404015651/http://2kvegas.com/
",20180404,2kvegas.com,1
"http://wayback.archive.org/web/20180612214220/https://2kvegas.com/
",20180612,2kvegas.com,1
"http://wayback.archive.org/web/20180806185333/http://2kvegas.com/
",20180806,2kvegas.com,1
"http://wayback.archive.org/web/20181022145640/https://www.2kvegas.com/
",20181022,2kvegas.com,1
"http://wayback.archive.org/web/20181105205851/http://2kvegas.com/
",20181105,2kvegas.com,1
"http://wayback.archive.org/web/20190227021228/https://2kvegas.com/
",20190227,2kvegas.com,1
"http://wayback.archive.org/web/20190424191321/https://2kvegas.com/
",20190424,2kvegas.com,1
"http://wayback.archive.org/web/20190517122810/https://2kvegas.com/
",20190517,2kvegas.com,1
"http://wayback.archive.org/web/20040212044210/http://3ci.info:80/
",20040212,3ci.info:80,2
"http://wayback.archive.org/web/20121029040805/http://www.3ci.info:80/
",20121029,3ci.info:80,2
"http://wayback.archive.org/web/20130522190609/http://3ci.info/
",20130522,3ci.info:81,2
"http://wayback.archive.org/web/20151211225322/http://3ci.info:80/
",20151211,3ci.info:82,2
"http://wayback.archive.org/web/20160110085615/http://3ci.info/
",20160110,3ci.info:83,2
"http://wayback.archive.org/web/20160301143632/http://3ci.info:80/
",20160301,3ci.info:84,2
"http://wayback.archive.org/web/20160515060055/http://3ci.info/
",20160515,3ci.info:85,2
"http://wayback.archive.org/web/20160811000536/http://3ci.info/
",20160811,3ci.info:86,2
"http://wayback.archive.org/web/20160913184437/http://3ci.info:80/
",20160913,3ci.info:87,2
"http://wayback.archive.org/web/20161005032311/http://3ci.info/
",20161005,3ci.info:88,2
"http://wayback.archive.org/web/20161116144659/http://3ci.info:80/
",20161116,3ci.info:89,2
"http://wayback.archive.org/web/20170123162258/http://3ci.info:80/
",20170123,3ci.info:90,2
"http://wayback.archive.org/web/20170217114209/http://3ci.info/
",20170217,3ci.info:91,2
"http://wayback.archive.org/web/20170304014532/http://3ci.info/
",20170304,3ci.info:92,2
"http://wayback.archive.org/web/20170524193005/http://3ci.info:80/
",20170524,3ci.info:93,2
"http://wayback.archive.org/web/20170611005009/http://3ci.info/
",20170611,3ci.info:94,2
"http://wayback.archive.org/web/20170729032001/http://3ci.info:80/
",20170729,3ci.info:95,2
"http://wayback.archive.org/web/20170826231110/http://3ci.info/
",20170826,3ci.info:96,2
"http://wayback.archive.org/web/20170901224653/http://3ci.info:80/
",20170901,3ci.info:97,2
"http://wayback.archive.org/web/20171003195229/http://3ci.info:80/
",20171003,3ci.info:98,2
"http://wayback.archive.org/web/20171105000554/http://3ci.info:80/
",20171105,3ci.info:99,2
"http://wayback.archive.org/web/20171204165636/http://3ci.info/
",20171204,3ci.info:100,2
"http://wayback.archive.org/web/20180110151611/http://3ci.info:80/
",20180110,3ci.info:101,2
"http://wayback.archive.org/web/20180212131532/http://3ci.info:80/
",20180212,3ci.info:102,2
"http://wayback.archive.org/web/20180317083018/http://3ci.info:80/
",20180317,3ci.info:103,2
"http://wayback.archive.org/web/20180420161637/http://3ci.info:80/
",20180420,3ci.info:104,2
"http://wayback.archive.org/web/20180523024943/http://3ci.info:80/
",20180523,3ci.info:105,2
"http://wayback.archive.org/web/20180623213106/http://3ci.info:80/
",20180623,3ci.info:106,2
"http://wayback.archive.org/web/20180730171348/http://3ci.info:80/
",20180730,3ci.info:107,2
"http://wayback.archive.org/web/20181009190325/http://3ci.info:80/
",20181009,3ci.info:108,2
"http://wayback.archive.org/web/20181103134441/http://3ci.info/
",20181103,3ci.info:109,2
"http://wayback.archive.org/web/20130626074818/http://www.abc.xyz
",20130626,abc.xyz:80,3
"http://wayback.archive.org/web/20150810023738/http://www.abc.xyz:80/
",20150810,abc.xyz:80,3
"http://wayback.archive.org/web/20150901081458/https://abc.xyz/
",20150901,abc.xyz,3
"http://wayback.archive.org/web/20151001045758/http://abc.xyz:80/
",20151001,abc.xyz,3
"http://wayback.archive.org/web/20151104195221/https://abc.xyz/
",20151104,abc.xyz,3
"http://wayback.archive.org/web/20151201154357/https://abc.xyz/
",20151201,abc.xyz,3
"http://wayback.archive.org/web/20160101042351/https://abc.xyz/
",20160101,abc.xyz,3
"http://wayback.archive.org/web/20160201085255/https://abc.xyz/
",20160201,abc.xyz,3
"http://wayback.archive.org/web/20160301144754/https://abc.xyz/
",20160301,abc.xyz,3
"http://wayback.archive.org/web/20160401121859/https://abc.xyz/
",20160401,abc.xyz,3
"http://wayback.archive.org/web/20160501151532/https://abc.xyz/
",20160501,abc.xyz,3
"http://wayback.archive.org/web/20160601022009/https://abc.xyz/
",20160601,abc.xyz,3
"http://wayback.archive.org/web/20160702164011/https://abc.xyz/
",20160702,abc.xyz,3
"http://wayback.archive.org/web/20160801203838/https://abc.xyz/
",20160801,abc.xyz,3
"http://wayback.archive.org/web/20160901063219/https://abc.xyz/
",20160901,abc.xyz,3
"http://wayback.archive.org/web/20161001235148/https://abc.xyz/
",20161001,abc.xyz,3
"http://wayback.archive.org/web/20161101152542/https://abc.xyz/
",20161101,abc.xyz,3
"http://wayback.archive.org/web/20161201081829/https://abc.xyz/
",20161201,abc.xyz,3
"http://wayback.archive.org/web/20170101013159/https://abc.xyz/
",20170101,abc.xyz,3
"http://wayback.archive.org/web/20170201142956/https://abc.xyz/
",20170201,abc.xyz,3
"http://wayback.archive.org/web/20170301115340/https://abc.xyz/
",20170301,abc.xyz,3
"http://wayback.archive.org/web/20170401213552/https://abc.xyz/
",20170401,abc.xyz,3
"http://wayback.archive.org/web/20170501123332/https://abc.xyz/
",20170501,abc.xyz,3
"http://wayback.archive.org/web/20170601042828/https://abc.xyz/
",20170601,abc.xyz,3
"http://wayback.archive.org/web/20170701052039/https://abc.xyz/
",20170701,abc.xyz,3
"http://wayback.archive.org/web/20170801090636/https://abc.xyz/
",20170801,abc.xyz,3
"http://wayback.archive.org/web/20170901101845/https://abc.xyz/
",20170901,abc.xyz,3
"http://wayback.archive.org/web/20171001075432/https://abc.xyz/
",20171001,abc.xyz,3
"http://wayback.archive.org/web/20171101171444/https://abc.xyz/
",20171101,abc.xyz,3
"http://wayback.archive.org/web/20171201132620/https://abc.xyz/
",20171201,abc.xyz,3
"http://wayback.archive.org/web/20180101131616/https://abc.xyz/
",20180101,abc.xyz,3
"http://wayback.archive.org/web/20180201134349/https://abc.xyz/
",20180201,abc.xyz,3
"http://wayback.archive.org/web/20180301073107/http://www.abc.xyz/
",20180301,abc.xyz,3
"http://wayback.archive.org/web/20180401021949/https://abc.xyz/
",20180401,abc.xyz,3
"http://wayback.archive.org/web/20180501020308/http://www.abc.xyz/
",20180501,abc.xyz,3
"http://wayback.archive.org/web/20180601165543/https://abc.xyz/
",20180601,abc.xyz,3
"http://wayback.archive.org/web/20180701005852/https://abc.xyz/
",20180701,abc.xyz,3
"http://wayback.archive.org/web/20180801034425/https://abc.xyz/
",20180801,abc.xyz,3
"http://wayback.archive.org/web/20180902014640/https://abc.xyz/
",20180902,abc.xyz,3
"http://wayback.archive.org/web/20181001210353/https://abc.xyz/
",20181001,abc.xyz,3
"http://wayback.archive.org/web/20181102010338/https://abc.xyz/
",20181102,abc.xyz,3
"http://wayback.archive.org/web/20181201055551/https://abc.xyz/
",20181201,abc.xyz,3
"http://wayback.archive.org/web/20190102041033/http://www.abc.xyz/
",20190102,abc.xyz,3
"http://wayback.archive.org/web/20190201123849/https://abc.xyz/
",20190201,abc.xyz,3
"http://wayback.archive.org/web/20190301175315/https://abc.xyz/
",20190301,abc.xyz,3
"http://wayback.archive.org/web/20190401030552/https://abc.xyz/
",20190401,abc.xyz,3
"http://wayback.archive.org/web/20190501013641/http://www.abc.xyz/
",20190501,abc.xyz,3
"http://wayback.archive.org/web/20190601025129/https://abc.xyz/
",20190601,abc.xyz,3
"http://wayback.archive.org/web/20020109120928/http://abcfamily.go.com:80/
",20020109,abcfamily.go.com:80,4
"http://wayback.archive.org/web/20020327020811/http://www.abcfamily.go.com:80/
",20020327,abcfamily.go.com:80,4
"http://wayback.archive.org/web/20020524092156/http://abcfamily.go.com:80/
",20020524,abcfamily.go.com:81,4
"http://wayback.archive.org/web/20020601161747/http://www.abcfamily.go.com:80/
",20020601,abcfamily.go.com:82,4
"http://wayback.archive.org/web/20020717224816/http://www.abcfamily.go.com:80/
",20020717,abcfamily.go.com:83,4
"http://wayback.archive.org/web/20020904003134/http://www.abcfamily.go.com:80/
",20020904,abcfamily.go.com:84,4
"http://wayback.archive.org/web/20021007071539/http://abcfamily.go.com:80/
",20021007,abcfamily.go.com:85,4
"http://wayback.archive.org/web/20021104084248/http://abcfamily.go.com:80/
",20021104,abcfamily.go.com:86,4
"http://wayback.archive.org/web/20021202090136/http://abcfamily.go.com:80/
",20021202,abcfamily.go.com:87,4
"http://wayback.archive.org/web/20030204175817/http://www.abcfamily.go.com:80/
",20030204,abcfamily.go.com:88,4
"http://wayback.archive.org/web/20030401123833/http://abcfamily.go.com:80/
",20030401,abcfamily.go.com:89,4
"http://wayback.archive.org/web/20030501100603/http://abcfamily.go.com:80/
",20030501,abcfamily.go.com:90,4
"http://wayback.archive.org/web/20030602004931/http://abcfamily.go.com:80/
",20030602,abcfamily.go.com:91,4
"http://wayback.archive.org/web/20030731224929/http://abcfamily.go.com:80/
",20030731,abcfamily.go.com:92,4
"http://wayback.archive.org/web/20030803014500/http://abcfamily.go.com:80/
",20030803,abcfamily.go.com:93,4
"http://wayback.archive.org/web/20030920070243/http://abcfamily.go.com:80/
",20030920,abcfamily.go.com:94,4
"http://wayback.archive.org/web/20031001165516/http://www.abcfamily.go.com:80/
",20031001,abcfamily.go.com:95,4
"http://wayback.archive.org/web/20031224102544/http://www.abcfamily.go.com:80/
",20031224,abcfamily.go.com:96,4
"http://wayback.archive.org/web/20040113023905/http://abcfamily.go.com:80/
",20040113,abcfamily.go.com:97,4
"http://wayback.archive.org/web/20040208002117/http://abcfamily.go.com:80/
",20040208,abcfamily.go.com:98,4
"http://wayback.archive.org/web/20040331230913/http://www.abcfamily.go.com:80/
",20040331,abcfamily.go.com:99,4
"http://wayback.archive.org/web/20040412150536/http://abcfamily.go.com:80/
",20040412,abcfamily.go.com:100,4
"http://wayback.archive.org/web/20040520004143/http://abcfamily.go.com:80/
",20040520,abcfamily.go.com:101,4
"http://wayback.archive.org/web/20040606203426/http://www.abcfamily.go.com:80/
",20040606,abcfamily.go.com:102,4
"http://wayback.archive.org/web/20040701052022/http://abcfamily.go.com:80/
",20040701,abcfamily.go.com:103,4
"http://wayback.archive.org/web/20040804035824/http://abcfamily.go.com:80/
",20040804,abcfamily.go.com:104,4
"http://wayback.archive.org/web/20040901095502/http://abcfamily.go.com:80/
",20040901,abcfamily.go.com:105,4
"http://wayback.archive.org/web/20041001080101/http://abcfamily.go.com:80/
",20041001,abcfamily.go.com:106,4
"http://wayback.archive.org/web/20041101084451/http://abcfamily.go.com:80/
",20041101,abcfamily.go.com:107,4
"http://wayback.archive.org/web/20041205095106/http://abcfamily.go.com:80/
",20041205,abcfamily.go.com:108,4
"http://wayback.archive.org/web/20050102085539/http://abcfamily.go.com:80/
",20050102,abcfamily.go.com:109,4
"http://wayback.archive.org/web/20050201202744/http://abcfamily.go.com:80/
",20050201,abcfamily.go.com:110,4
"http://wayback.archive.org/web/20050301004002/http://abcfamily.go.com:80/
",20050301,abcfamily.go.com:111,4
"http://wayback.archive.org/web/20050401045413/http://abcfamily.go.com:80/
",20050401,abcfamily.go.com:112,4
"http://wayback.archive.org/web/20050508235532/http://abcfamily.go.com:80/
",20050508,abcfamily.go.com:113,4
"http://wayback.archive.org/web/20050601033951/http://abcfamily.go.com:80/
",20050601,abcfamily.go.com:114,4
"http://wayback.archive.org/web/20050701020235/http://abcfamily.go.com:80/
",20050701,abcfamily.go.com:115,4
"http://wayback.archive.org/web/20050801003939/http://abcfamily.go.com:80/
",20050801,abcfamily.go.com:116,4
"http://wayback.archive.org/web/20050903142703/http://abcfamily.go.com:80/
",20050903,abcfamily.go.com:117,4
"http://wayback.archive.org/web/20051001060532/http://abcfamily.go.com:80/
",20051001,abcfamily.go.com:118,4
"http://wayback.archive.org/web/20051101005626/http://abcfamily.go.com:80/
",20051101,abcfamily.go.com:119,4
"http://wayback.archive.org/web/20051201085935/http://abcfamily.go.com:80/
",20051201,abcfamily.go.com:120,4
"http://wayback.archive.org/web/20060101031136/http://abcfamily.go.com:80/
",20060101,abcfamily.go.com:121,4
"http://wayback.archive.org/web/20060204182020/http://abcfamily.go.com:80/
",20060204,abcfamily.go.com:122,4
"http://wayback.archive.org/web/20060301091725/http://abcfamily.go.com:80/
",20060301,abcfamily.go.com:123,4
"http://wayback.archive.org/web/20060403043151/http://abcfamily.go.com:80/
",20060403,abcfamily.go.com:124,4
"http://wayback.archive.org/web/20060501080344/http://abcfamily.go.com:80/
",20060501,abcfamily.go.com:125,4
"http://wayback.archive.org/web/20060610021938/http://abcfamily.go.com:80/
",20060610,abcfamily.go.com:126,4
"http://wayback.archive.org/web/20060705093836/http://abcfamily.go.com:80/
",20060705,abcfamily.go.com:127,4
"http://wayback.archive.org/web/20060820071807/http://abcfamily.go.com:80/
",20060820,abcfamily.go.com:128,4
"http://wayback.archive.org/web/20060901104736/http://abcfamily.go.com:80/
",20060901,abcfamily.go.com:129,4
"http://wayback.archive.org/web/20061004115735/http://abcfamily.go.com:80/
",20061004,abcfamily.go.com:130,4
"http://wayback.archive.org/web/20061104003452/http://abcfamily.go.com:80/
",20061104,abcfamily.go.com:131,4
"http://wayback.archive.org/web/20061205013722/http://abcfamily.go.com:80/
",20061205,abcfamily.go.com:132,4
"http://wayback.archive.org/web/20070104085948/http://abcfamily.go.com:80/
",20070104,abcfamily.go.com:133,4
"http://wayback.archive.org/web/20070202022714/http://abcfamily.go.com:80/
",20070202,abcfamily.go.com:134,4
"http://wayback.archive.org/web/20070304190338/http://abcfamily.go.com:80/
",20070304,abcfamily.go.com:135,4
"http://wayback.archive.org/web/20070403181603/http://abcfamily.go.com:80/
",20070403,abcfamily.go.com:136,4
"http://wayback.archive.org/web/20070607232128/http://abcfamily.go.com:80/
",20070607,abcfamily.go.com:137,4
"http://wayback.archive.org/web/20070703083114/http://www.abcfamily.go.com/
",20070703,abcfamily.go.com:138,4
"http://wayback.archive.org/web/20070805065900/http://www.abcfamily.go.com/
",20070805,abcfamily.go.com:139,4
"http://wayback.archive.org/web/20070903164438/http://abcfamily.go.com:80/
",20070903,abcfamily.go.com:140,4
"http://wayback.archive.org/web/20071001154826/http://abcfamily.go.com:80/
",20071001,abcfamily.go.com:141,4
"http://wayback.archive.org/web/20071117102018/http://abcfamily.go.com/
",20071117,abcfamily.go.com:142,4
"http://wayback.archive.org/web/20071231035346/http://abcfamily.go.com:80/
",20071231,abcfamily.go.com:143,4
"http://wayback.archive.org/web/20080126090844/http://abcfamily.go.com:80/
",20080126,abcfamily.go.com:144,4
"http://wayback.archive.org/web/20080313061425/http://abcfamily.go.com:80/
",20080313,abcfamily.go.com:145,4
"http://wayback.archive.org/web/20080415140548/http://abcfamily.go.com:80/
",20080415,abcfamily.go.com:146,4
"http://wayback.archive.org/web/20080515224913/http://abcfamily.go.com:80/
",20080515,abcfamily.go.com:147,4
"http://wayback.archive.org/web/20080614140706/http://abcfamily.go.com:80/
",20080614,abcfamily.go.com:148,4
"http://wayback.archive.org/web/20080701090510/http://abcfamily.go.com:80/
",20080701,abcfamily.go.com:149,4
"http://wayback.archive.org/web/20080806102457/http://www.abcfamily.go.com:80/
",20080806,abcfamily.go.com:150,4
"http://wayback.archive.org/web/20080901133530/http://abcfamily.go.com:80/
",20080901,abcfamily.go.com:151,4
"http://wayback.archive.org/web/20081002095615/http://abcfamily.go.com:80/
",20081002,abcfamily.go.com:152,4
"http://wayback.archive.org/web/20081101150512/http://abcfamily.go.com:80/
",20081101,abcfamily.go.com:153,4
"http://wayback.archive.org/web/20081203135831/http://abcfamily.go.com:80/
",20081203,abcfamily.go.com:154,4
"http://wayback.archive.org/web/20090204125712/http://abcfamily.go.com:80/
",20090204,abcfamily.go.com:155,4
"http://wayback.archive.org/web/20090309103732/http://www.abcfamily.go.com:80/
",20090309,abcfamily.go.com:156,4
"http://wayback.archive.org/web/20090417070749/http://www.abcfamily.go.com:80/
",20090417,abcfamily.go.com:157,4
"http://wayback.archive.org/web/20090707083924/http://www.abcfamily.go.com:80/
",20090707,abcfamily.go.com:158,4
"http://wayback.archive.org/web/20090802061339/http://www.abcfamily.go.com:80/
",20090802,abcfamily.go.com:159,4
"http://wayback.archive.org/web/20090906083938/http://www.abcfamily.go.com:80/
",20090906,abcfamily.go.com:160,4
"http://wayback.archive.org/web/20091207042148/http://abcfamily.go.com:80/
",20091207,abcfamily.go.com:161,4
"http://wayback.archive.org/web/20100107030931/http://abcfamily.go.com:80/
",20100107,abcfamily.go.com:162,4
"http://wayback.archive.org/web/20100204102917/http://abcfamily.go.com:80/
",20100204,abcfamily.go.com:163,4
"http://wayback.archive.org/web/20100327185710/http://www.abcfamily.go.com:80/
",20100327,abcfamily.go.com:164,4
"http://wayback.archive.org/web/20100418172213/http://www.abcfamily.go.com:80/
",20100418,abcfamily.go.com:165,4
"http://wayback.archive.org/web/20100522025217/http://www.abcfamily.go.com/
",20100522,abcfamily.go.com:166,4
"http://wayback.archive.org/web/20100603074653/http://abcfamily.go.com/
",20100603,abcfamily.go.com:167,4
"http://wayback.archive.org/web/20100701224834/http://abcfamily.go.com:80/
",20100701,abcfamily.go.com:168,4
"http://wayback.archive.org/web/20100808081718/http://www.abcfamily.go.com:80/
",20100808,abcfamily.go.com:169,4
"http://wayback.archive.org/web/20100901025539/http://abcfamily.go.com:80/
",20100901,abcfamily.go.com:170,4
"http://wayback.archive.org/web/20101007131602/http://www.abcfamily.go.com:80/
",20101007,abcfamily.go.com:171,4
"http://wayback.archive.org/web/20101108092149/http://abcfamily.go.com:80/
",20101108,abcfamily.go.com:172,4
"http://wayback.archive.org/web/20101201000120/http://abcfamily.go.com/
",20101201,abcfamily.go.com:173,4
"http://wayback.archive.org/web/20110102001011/http://abcfamily.go.com:80/
",20110102,abcfamily.go.com:174,4
"http://wayback.archive.org/web/20110202000836/http://abcfamily.go.com/
",20110202,abcfamily.go.com:175,4
"http://wayback.archive.org/web/20110302014944/http://www.abcfamily.go.com:80/
",20110302,abcfamily.go.com:176,4
"http://wayback.archive.org/web/20110405175853/http://abcfamily.go.com:80/
",20110405,abcfamily.go.com:177,4
"http://wayback.archive.org/web/20110501011748/http://www.abcfamily.go.com/
",20110501,abcfamily.go.com:178,4
"http://wayback.archive.org/web/20110604020347/http://abcfamily.go.com:80/
",20110604,abcfamily.go.com:179,4
"http://wayback.archive.org/web/20110704154300/http://abcfamily.go.com:80/
",20110704,abcfamily.go.com:180,4
"http://wayback.archive.org/web/20110801050520/http://abcfamily.go.com:80/
",20110801,abcfamily.go.com:181,4
"http://wayback.archive.org/web/20110902024028/http://abcfamily.go.com:80/
",20110902,abcfamily.go.com:182,4
"http://wayback.archive.org/web/20111003183357/http://abcfamily.go.com:80/
",20111003,abcfamily.go.com:183,4
"http://wayback.archive.org/web/20111102060023/http://abcfamily.go.com:80/
",20111102,abcfamily.go.com:184,4
"http://wayback.archive.org/web/20111201040656/http://abcfamily.go.com/
",20111201,abcfamily.go.com:185,4
"http://wayback.archive.org/web/20120103092727/http://abcfamily.go.com/
",20120103,abcfamily.go.com:186,4
"http://wayback.archive.org/web/20120201195731/http://abcfamily.go.com/
",20120201,abcfamily.go.com:187,4
"http://wayback.archive.org/web/20120306160856/http://abcfamily.go.com:80/
",20120306,abcfamily.go.com:188,4
"http://wayback.archive.org/web/20120403170730/http://abcfamily.go.com:80/
",20120403,abcfamily.go.com:189,4
"http://wayback.archive.org/web/20120501065054/http://abcfamily.go.com/
",20120501,abcfamily.go.com:190,4
"http://wayback.archive.org/web/20120607222015/http://abcfamily.go.com/
",20120607,abcfamily.go.com:191,4
"http://wayback.archive.org/web/20120706032931/http://abcfamily.go.com:80/
",20120706,abcfamily.go.com:192,4
"http://wayback.archive.org/web/20120811094758/http://abcfamily.go.com/
",20120811,abcfamily.go.com:193,4
"http://wayback.archive.org/web/20120910061841/http://abcfamily.go.com:80/
",20120910,abcfamily.go.com:194,4
"http://wayback.archive.org/web/20121003064754/http://abcfamily.go.com/
",20121003,abcfamily.go.com:195,4
"http://wayback.archive.org/web/20121113073748/http://abcfamily.go.com/
",20121113,abcfamily.go.com:196,4
"http://wayback.archive.org/web/20121203213053/http://abcfamily.go.com/
",20121203,abcfamily.go.com:197,4
"http://wayback.archive.org/web/20130109071855/http://abcfamily.go.com/
",20130109,abcfamily.go.com:198,4
"http://wayback.archive.org/web/20130215091124/http://abcfamily.go.com:80/
",20130215,abcfamily.go.com:199,4
"http://wayback.archive.org/web/20130301195802/http://abcfamily.go.com/
",20130301,abcfamily.go.com:200,4
"http://wayback.archive.org/web/20130401111638/http://abcfamily.go.com/
",20130401,abcfamily.go.com:201,4
"http://wayback.archive.org/web/20130504231947/http://abcfamily.go.com:80/
",20130504,abcfamily.go.com:202,4
"http://wayback.archive.org/web/20130601214940/http://abcfamily.go.com/
",20130601,abcfamily.go.com:203,4
"http://wayback.archive.org/web/20130711162629/http://abcfamily.go.com/
",20130711,abcfamily.go.com:204,4
"http://wayback.archive.org/web/20130801084646/http://abcfamily.go.com:80/
",20130801,abcfamily.go.com:205,4
"http://wayback.archive.org/web/20130904185206/http://abcfamily.go.com:80/
",20130904,abcfamily.go.com:206,4
"http://wayback.archive.org/web/20131001142101/http://abcfamily.go.com/
",20131001,abcfamily.go.com:207,4
"http://wayback.archive.org/web/20131104080748/http://abcfamily.go.com/
",20131104,abcfamily.go.com:208,4
"http://wayback.archive.org/web/20131202025956/http://abcfamily.go.com/
",20131202,abcfamily.go.com:209,4
"http://wayback.archive.org/web/20140101022936/http://abcfamily.go.com/
",20140101,abcfamily.go.com:210,4
"http://wayback.archive.org/web/20140201125349/http://abcfamily.go.com/
",20140201,abcfamily.go.com:211,4
"http://wayback.archive.org/web/20140301015919/http://abcfamily.go.com/
",20140301,abcfamily.go.com:212,4
"http://wayback.archive.org/web/20140401023622/http://abcfamily.go.com:80/
",20140401,abcfamily.go.com:213,4
"http://wayback.archive.org/web/20140501103837/http://abcfamily.go.com/
",20140501,abcfamily.go.com:214,4
"http://wayback.archive.org/web/20140601085038/http://abcfamily.go.com/
",20140601,abcfamily.go.com:215,4
"http://wayback.archive.org/web/20140701052106/http://abcfamily.go.com/
",20140701,abcfamily.go.com:216,4
"http://wayback.archive.org/web/20140801161645/http://abcfamily.go.com/
",20140801,abcfamily.go.com:217,4
"http://wayback.archive.org/web/20140901072618/http://abcfamily.go.com/
",20140901,abcfamily.go.com:218,4
"http://wayback.archive.org/web/20141001041358/http://abcfamily.go.com/
",20141001,abcfamily.go.com:219,4
"http://wayback.archive.org/web/20141101014507/http://abcfamily.go.com/
",20141101,abcfamily.go.com:220,4
"http://wayback.archive.org/web/20141202025136/http://abcfamily.go.com/
",20141202,abcfamily.go.com:221,4
"http://wayback.archive.org/web/20150101051021/http://abcfamily.go.com/
",20150101,abcfamily.go.com:222,4
"http://wayback.archive.org/web/20150203060239/http://abcfamily.go.com:80/?
",20150203,abcfamily.go.com:223,4
"http://wayback.archive.org/web/20150302145811/http://abcfamily.go.com:80/
",20150302,abcfamily.go.com:224,4
"http://wayback.archive.org/web/20150402080440/http://abcfamily.go.com:80/
",20150402,abcfamily.go.com:225,4
"http://wayback.archive.org/web/20150503100723/http://abcfamily.go.com:80/
",20150503,abcfamily.go.com:226,4
"http://wayback.archive.org/web/20150601145609/http://abcfamily.go.com/
",20150601,abcfamily.go.com:227,4
"http://wayback.archive.org/web/20150701130913/http://abcfamily.go.com:80/
",20150701,abcfamily.go.com:228,4
"http://wayback.archive.org/web/20150801004654/http://abcfamily.go.com/
",20150801,abcfamily.go.com:229,4
"http://wayback.archive.org/web/20150902070937/http://abcfamily.go.com:80/
",20150902,abcfamily.go.com:230,4
"http://wayback.archive.org/web/20151002131733/http://abcfamily.go.com:80/
",20151002,abcfamily.go.com:231,4
"http://wayback.archive.org/web/20151103013006/http://abcfamily.go.com:80/
",20151103,abcfamily.go.com:232,4
"http://wayback.archive.org/web/20151201030426/http://abcfamily.go.com:80/?
",20151201,abcfamily.go.com:233,4
"http://wayback.archive.org/web/20160101012344/http://abcfamily.go.com/
",20160101,abcfamily.go.com:234,4
"http://wayback.archive.org/web/20160202051706/http://abcfamily.go.com:80/
",20160202,abcfamily.go.com:235,4
"http://wayback.archive.org/web/20160301015119/http://abcfamily.go.com:80/
",20160301,abcfamily.go.com:236,4
"http://wayback.archive.org/web/20160401153334/http://abcfamily.go.com:80/
",20160401,abcfamily.go.com:237,4
"http://wayback.archive.org/web/20160501101508/http://abcfamily.go.com:80/
",20160501,abcfamily.go.com:238,4
"http://wayback.archive.org/web/20160602024243/http://abcfamily.go.com/
",20160602,abcfamily.go.com:239,4
"http://wayback.archive.org/web/20160703163059/http://abcfamily.go.com:80/
",20160703,abcfamily.go.com:240,4
"http://wayback.archive.org/web/20160803041936/http://abcfamily.go.com/
",20160803,abcfamily.go.com:241,4
"http://wayback.archive.org/web/20160901232130/http://abcfamily.go.com/
",20160901,abcfamily.go.com:242,4
"http://wayback.archive.org/web/20161001153720/http://abcfamily.go.com/
",20161001,abcfamily.go.com:243,4
"http://wayback.archive.org/web/20161101022717/http://abcfamily.go.com/
",20161101,abcfamily.go.com:244,4
"http://wayback.archive.org/web/20161202042752/http://abcfamily.go.com/
",20161202,abcfamily.go.com:245,4
"http://wayback.archive.org/web/20170101214432/http://abcfamily.go.com/
",20170101,abcfamily.go.com:246,4
"http://wayback.archive.org/web/20170202060817/http://abcfamily.go.com/
",20170202,abcfamily.go.com:247,4
"http://wayback.archive.org/web/20170301001010/http://abcfamily.go.com/
",20170301,abcfamily.go.com:248,4
"http://wayback.archive.org/web/20170402182047/http://abcfamily.go.com/
",20170402,abcfamily.go.com:249,4
"http://wayback.archive.org/web/20170502234407/http://abcfamily.go.com:80/
",20170502,abcfamily.go.com:250,4
"http://wayback.archive.org/web/20170601124155/http://abcfamily.go.com/
",20170601,abcfamily.go.com:251,4
"http://wayback.archive.org/web/20170701013623/http://abcfamily.go.com/
",20170701,abcfamily.go.com:252,4
"http://wayback.archive.org/web/20170803011638/http://abcfamily.go.com/
",20170803,abcfamily.go.com:253,4
"http://wayback.archive.org/web/20170905154951/http://abcfamily.go.com:80/
",20170905,abcfamily.go.com:254,4
"http://wayback.archive.org/web/20171003175823/http://abcfamily.go.com/
",20171003,abcfamily.go.com:255,4
"http://wayback.archive.org/web/20171101194553/http://abcfamily.go.com/
",20171101,abcfamily.go.com:256,4
"http://wayback.archive.org/web/20171201175256/http://abcfamily.go.com/
",20171201,abcfamily.go.com:257,4
"http://wayback.archive.org/web/20180103182801/http://abcfamily.go.com/
",20180103,abcfamily.go.com:258,4
"http://wayback.archive.org/web/20180201030721/http://abcfamily.go.com/
",20180201,abcfamily.go.com:259,4
"http://wayback.archive.org/web/20180301052018/http://abcfamily.go.com/
",20180301,abcfamily.go.com:260,4
"http://wayback.archive.org/web/20180402182552/http://abcfamily.go.com/
",20180402,abcfamily.go.com:261,4
"http://wayback.archive.org/web/20180501170218/http://abcfamily.go.com/
",20180501,abcfamily.go.com:262,4
"http://wayback.archive.org/web/20180603142751/http://abcfamily.go.com/
",20180603,abcfamily.go.com:263,4
"http://wayback.archive.org/web/20180701145719/http://abcfamily.go.com/
",20180701,abcfamily.go.com:264,4
"http://wayback.archive.org/web/20180801115950/http://abcfamily.go.com/
",20180801,abcfamily.go.com:265,4
"http://wayback.archive.org/web/20180906033456/http://abcfamily.go.com/
",20180906,abcfamily.go.com:266,4
"http://wayback.archive.org/web/20181001145736/http://abcfamily.go.com/
",20181001,abcfamily.go.com:267,4
"http://wayback.archive.org/web/20181101090930/http://abcfamily.go.com/
",20181101,abcfamily.go.com:268,4
"http://wayback.archive.org/web/20181206105614/http://abcfamily.go.com/
",20181206,abcfamily.go.com:269,4
"http://wayback.archive.org/web/20190103210338/http://abcfamily.go.com/
",20190103,abcfamily.go.com:270,4
"http://wayback.archive.org/web/20190207231244/http://abcfamily.go.com/
",20190207,abcfamily.go.com:271,4
"http://wayback.archive.org/web/20190301002455/http://abcfamily.go.com/
",20190301,abcfamily.go.com:272,4
"http://wayback.archive.org/web/20190405032204/http://abcfamily.go.com/
",20190405,abcfamily.go.com:273,4
"http://wayback.archive.org/web/20190505170410/http://abcfamily.go.com/
",20190505,abcfamily.go.com:274,4
"http://wayback.archive.org/web/20170308145115/http://acastaenterprises.com
",20170308,acastaenterprises.com:80,5
"http://wayback.archive.org/web/20170616191954/http://acastaenterprises.com/
",20170616,acastaenterprises.com:81,5
"http://wayback.archive.org/web/20170922193608/http://www.acastaenterprises.com:80/
",20170922,acastaenterprises.com:82,5
"http://wayback.archive.org/web/20180319231627/http://www.acastaenterprises.com/
",20180319,acastaenterprises.com:83,5
"http://wayback.archive.org/web/20180517142819/http://www.acastaenterprises.com:80/
",20180517,acastaenterprises.com:84,5
"http://wayback.archive.org/web/20180805075030/http://acastaenterprises.com/
",20180805,acastaenterprises.com:85,5
"http://wayback.archive.org/web/20181011114234/https://www.acastaenterprises.com/
",20181011,acastaenterprises.com:86,5
"http://wayback.archive.org/web/20190101062340/http://acastaenterprises.com/
",20190101,acastaenterprises.com:87,5
"http://wayback.archive.org/web/20190207131333/http://www.acastaenterprises.com/
",20190207,acastaenterprises.com:88,5
"http://wayback.archive.org/web/20190525050617/http://acastaenterprises.com/
",20190525,acastaenterprises.com:89,5
"http://wayback.archive.org/web/20060429203858/http://www.advantagecapital.ca:80/
",20060429,advantagecapital.ca:80,6
"http://wayback.archive.org/web/20060503081005/http://advantagecapital.ca:80/
",20060503,advantagecapital.ca:81,6
"http://wayback.archive.org/web/20060612134324/http://www.advantagecapital.ca:80/
",20060612,advantagecapital.ca:82,6
"http://wayback.archive.org/web/20060706145219/http://www.advantagecapital.ca:80/
",20060706,advantagecapital.ca:83,6
"http://wayback.archive.org/web/20060823155139/http://www.advantagecapital.ca:80/
",20060823,advantagecapital.ca:84,6
"http://wayback.archive.org/web/20061004011655/http://www.advantagecapital.ca/
",20061004,advantagecapital.ca:85,6
"http://wayback.archive.org/web/20061209212411/http://www.advantagecapital.ca:80/
",20061209,advantagecapital.ca:86,6
"http://wayback.archive.org/web/20070102045949/http://www.advantagecapital.ca:80/
",20070102,advantagecapital.ca:87,6
"http://wayback.archive.org/web/20070213005009/http://www.advantagecapital.ca:80/
",20070213,advantagecapital.ca:88,6
"http://wayback.archive.org/web/20070306020506/http://www.advantagecapital.ca:80/
",20070306,advantagecapital.ca:89,6
"http://wayback.archive.org/web/20070607100450/http://www.advantagecapital.ca:80/
",20070607,advantagecapital.ca:90,6
"http://wayback.archive.org/web/20071012164424/http://advantagecapital.ca:80/
",20071012,advantagecapital.ca:91,6
"http://wayback.archive.org/web/20080203212217/http://www.advantagecapital.ca:80/
",20080203,advantagecapital.ca:92,6
"http://wayback.archive.org/web/20080504000752/http://www.advantagecapital.ca:80/
",20080504,advantagecapital.ca:93,6
"http://wayback.archive.org/web/20090305142822/http://www.advantagecapital.ca:80/
",20090305,advantagecapital.ca:94,6
"http://wayback.archive.org/web/20090717223838/http://www.advantagecapital.ca:80/
",20090717,advantagecapital.ca:95,6
"http://wayback.archive.org/web/20160314034144/http://advantagecapital.ca/
",20160314,advantagecapital.ca:96,6
"http://wayback.archive.org/web/20160521180347/http://advantagecapital.ca:80/
",20160521,advantagecapital.ca:97,6
"http://wayback.archive.org/web/20160607005422/http://advantagecapital.ca/
",20160607,advantagecapital.ca:98,6
"http://wayback.archive.org/web/20160724234713/http://advantagecapital.ca:80/
",20160724,advantagecapital.ca:99,6
"http://wayback.archive.org/web/20160825155844/http://advantagecapital.ca:80/
",20160825,advantagecapital.ca:100,6
"http://wayback.archive.org/web/20160928144228/http://advantagecapital.ca:80/
",20160928,advantagecapital.ca:101,6
"http://wayback.archive.org/web/20161003012001/http://advantagecapital.ca/
",20161003,advantagecapital.ca:102,6
"http://wayback.archive.org/web/20170114034438/http://www.advantagecapital.ca/
",20170114,advantagecapital.ca:103,6
"http://wayback.archive.org/web/20170202045835/http://advantagecapital.ca/
",20170202,advantagecapital.ca:104,6
"http://wayback.archive.org/web/20170309195710/http://advantagecapital.ca:80/
",20170309,advantagecapital.ca:105,6
"http://wayback.archive.org/web/20170518011838/http://advantagecapital.ca/
",20170518,advantagecapital.ca:106,6
"http://wayback.archive.org/web/20170602210345/http://advantagecapital.ca/
",20170602,advantagecapital.ca:107,6
"http://wayback.archive.org/web/20170722083140/http://advantagecapital.ca:80/
",20170722,advantagecapital.ca:108,6
"http://wayback.archive.org/web/20170822182255/http://advantagecapital.ca:80/
",20170822,advantagecapital.ca:109,6
"http://wayback.archive.org/web/20170913222832/http://advantagecapital.ca/
",20170913,advantagecapital.ca:110,6
"http://wayback.archive.org/web/20171016003854/http://advantagecapital.ca:80/
",20171016,advantagecapital.ca:111,6
"http://wayback.archive.org/web/20171117163139/http://advantagecapital.ca:80/
",20171117,advantagecapital.ca:112,6
"http://wayback.archive.org/web/20171219033555/http://advantagecapital.ca:80/
",20171219,advantagecapital.ca:113,6
"http://wayback.archive.org/web/20180212095132/http://advantagecapital.ca:80/
",20180212,advantagecapital.ca:114,6
"http://wayback.archive.org/web/20180319023709/http://advantagecapital.ca:80/
",20180319,advantagecapital.ca:115,6
"http://wayback.archive.org/web/20180408052633/http://advantagecapital.ca:80/
",20180408,advantagecapital.ca:116,6
"http://wayback.archive.org/web/20180527105245/http://advantagecapital.ca:80/
",20180527,advantagecapital.ca:117,6
"http://wayback.archive.org/web/20180625142338/http://www.advantagecapital.ca/
",20180625,advantagecapital.ca:118,6
"http://wayback.archive.org/web/20180709235855/http://advantagecapital.ca/
",20180709,advantagecapital.ca:119,6
"http://wayback.archive.org/web/20180802022845/http://advantagecapital.ca:80/
",20180802,advantagecapital.ca:120,6
"http://wayback.archive.org/web/20180918075407/http://www.advantagecapital.ca/
",20180918,advantagecapital.ca:121,6
"http://wayback.archive.org/web/20181019024826/http://advantagecapital.ca:80/
",20181019,advantagecapital.ca:122,6
"http://wayback.archive.org/web/20181230220004/http://advantagecapital.ca/
",20181230,advantagecapital.ca:123,6
"http://wayback.archive.org/web/20190120022107/http://advantagecapital.ca/
",20190120,advantagecapital.ca:124,6
"http://wayback.archive.org/web/20190427023127/http://www.advantagecapital.ca/
",20190427,advantagecapital.ca:125,6
"http://wayback.archive.org/web/20190504095018/http://advantagecapital.ca/
",20190504,advantagecapital.ca:126,6
"http://wayback.archive.org/web/20020926145059/http://www.adverum.com:80/
",20020926,adverum.com:80,7
"http://wayback.archive.org/web/20021122001443/http://www.adverum.com:80/
",20021122,adverum.com:80,7
"http://wayback.archive.org/web/20030202182952/http://www.adverum.com:80/
",20030202,adverum.com:80,7
"http://wayback.archive.org/web/20030331124105/http://www.adverum.com:80/
",20030331,adverum.com:80,7
"http://wayback.archive.org/web/20030419184000/http://adverum.com:80/
",20030419,adverum.com:81,7
"http://wayback.archive.org/web/20030609135008/http://www.adverum.com:80/
",20030609,adverum.com:82,7
"http://wayback.archive.org/web/20030731000701/http://www.adverum.com:80/
",20030731,adverum.com:83,7
"http://wayback.archive.org/web/20030929224911/http://www.adverum.com:80/
",20030929,adverum.com:84,7
"http://wayback.archive.org/web/20031023103838/http://www.adverum.com:80/
",20031023,adverum.com:85,7
"http://wayback.archive.org/web/20031231164725/http://www.adverum.com:80/
",20031231,adverum.com:86,7
"http://wayback.archive.org/web/20040101232441/http://www.adverum.com:80/
",20040101,adverum.com:87,7
"http://wayback.archive.org/web/20040207175707/http://www.adverum.com:80/
",20040207,adverum.com:88,7
"http://wayback.archive.org/web/20040324235930/http://www.adverum.com:80/
",20040324,adverum.com:89,7
"http://wayback.archive.org/web/20040406080809/http://adverum.com:80/
",20040406,adverum.com:90,7
"http://wayback.archive.org/web/20040523165625/http://www.adverum.com:80/
",20040523,adverum.com:91,7
"http://wayback.archive.org/web/20040604232228/http://adverum.com:80/
",20040604,adverum.com:92,7
"http://wayback.archive.org/web/20040830035748/http://adverum.com:80/
",20040830,adverum.com:93,7
"http://wayback.archive.org/web/20040901205323/http://www.adverum.com:80/
",20040901,adverum.com:94,7
"http://wayback.archive.org/web/20041203074732/http://adverum.com:80/
",20041203,adverum.com:95,7
"http://wayback.archive.org/web/20050208091621/http://adverum.com:80/
",20050208,adverum.com:96,7
"http://wayback.archive.org/web/20051023155224/http://www.adverum.com:80/
",20051023,adverum.com:97,7
"http://wayback.archive.org/web/20060115114953/http://www.adverum.com:80/
",20060115,adverum.com:98,7
"http://wayback.archive.org/web/20070829010412/http://www.adverum.com:80/
",20070829,adverum.com:99,7
"http://wayback.archive.org/web/20110202114118/http://adverum.com/
",20110202,adverum.com:100,7
"http://wayback.archive.org/web/20130501162902/http://adverum.com/
",20130501,adverum.com:101,7
"http://wayback.archive.org/web/20140517162017/http://adverum.com/
",20140517,adverum.com:102,7
"http://wayback.archive.org/web/20141216193907/http://adverum.com/
",20141216,adverum.com:103,7
"http://wayback.archive.org/web/20150801052012/http://adverum.com/
",20150801,adverum.com:104,7
"http://wayback.archive.org/web/20160110095553/http://adverum.com/
",20160110,adverum.com:105,7
"http://wayback.archive.org/web/20160306072534/http://adverum.com/
",20160306,adverum.com:106,7
"http://wayback.archive.org/web/20161111083244/http://adverum.com/
",20161111,adverum.com:107,7
"http://wayback.archive.org/web/20170107222224/http://www.adverum.com:80/
",20170107,adverum.com:108,7
"http://wayback.archive.org/web/20170326062750/http://www.adverum.com/
",20170326,adverum.com:109,7
"http://wayback.archive.org/web/20170530113917/http://adverum.com/
",20170530,adverum.com:110,7
"http://wayback.archive.org/web/20170909112213/http://www.adverum.com:80/
",20170909,adverum.com:111,7
"http://wayback.archive.org/web/20171112011944/http://www.adverum.com:80/
",20171112,adverum.com:112,7
"http://wayback.archive.org/web/20180203184303/http://www.adverum.com:80/
",20180203,adverum.com:113,7
"http://wayback.archive.org/web/20180419194006/http://adverum.com/
",20180419,adverum.com:114,7
"http://wayback.archive.org/web/20180518162613/http://www.adverum.com/
",20180518,adverum.com:115,7
"http://wayback.archive.org/web/20180807140454/http://adverum.com/
",20180807,adverum.com:116,7
"http://wayback.archive.org/web/20180920084612/http://adverum.com/
",20180920,adverum.com:117,7
"http://wayback.archive.org/web/20181021072955/http://www.adverum.com/
",20181021,adverum.com:118,7
"http://wayback.archive.org/web/20181117193344/https://adverum.com/
",20181117,adverum.com:119,7
"http://wayback.archive.org/web/20181220003723/http://adverum.com/
",20181220,adverum.com:120,7
"http://wayback.archive.org/web/20190106083152/https://adverum.com/
",20190106,adverum.com:121,7
"http://wayback.archive.org/web/20190412194220/http://www.adverum.com/
",20190412,adverum.com:122,7
"http://wayback.archive.org/web/20190501123349/http://adverum.com/
",20190501,adverum.com:123,7
"http://wayback.archive.org/web/20110202120426/http://aegisidentity.com/
",20110202,aegisidentity.com:80,8
"http://wayback.archive.org/web/20120202000244/http://www.aegisidentity.com:80/
",20120202,aegisidentity.com:80,8
"http://wayback.archive.org/web/20120424143929/http://www.aegisidentity.com:80/
",20120424,aegisidentity.com:80,8
"http://wayback.archive.org/web/20120815023511/http://www.aegisidentity.com:80/
",20120815,aegisidentity.com:80,8
"http://wayback.archive.org/web/20121025120742/http://aegisidentity.com:80/
",20121025,aegisidentity.com:81,8
"http://wayback.archive.org/web/20121125090337/http://aegisidentity.com:80/
",20121125,aegisidentity.com:82,8
"http://wayback.archive.org/web/20130329064906/http://aegisidentity.com:80/
",20130329,aegisidentity.com:83,8
"http://wayback.archive.org/web/20130520094237/http://aegisidentity.com/
",20130520,aegisidentity.com:84,8
"http://wayback.archive.org/web/20130615005010/http://www.aegisidentity.com/
",20130615,aegisidentity.com:85,8
"http://wayback.archive.org/web/20130911012253/http://www.aegisidentity.com/
",20130911,aegisidentity.com:86,8
"http://wayback.archive.org/web/20140516231941/http://aegisidentity.com/
",20140516,aegisidentity.com:87,8
"http://wayback.archive.org/web/20141216185800/http://aegisidentity.com/
",20141216,aegisidentity.com:88,8
"http://wayback.archive.org/web/20150205232409/http://aegisidentity.com:80/
",20150205,aegisidentity.com:89,8
"http://wayback.archive.org/web/20150328093831/http://aegisidentity.com:80/
",20150328,aegisidentity.com:90,8
"http://wayback.archive.org/web/20150511215411/http://aegisidentity.com:80/
",20150511,aegisidentity.com:91,8
"http://wayback.archive.org/web/20150801024449/http://aegisidentity.com/
",20150801,aegisidentity.com:92,8
"http://wayback.archive.org/web/20150915044732/http://www.aegisidentity.com/
",20150915,aegisidentity.com:93,8
"http://wayback.archive.org/web/20151011062800/http://aegisidentity.com/
",20151011,aegisidentity.com:94,8
"http://wayback.archive.org/web/20160109150833/http://aegisidentity.com/
",20160109,aegisidentity.com:95,8
"http://wayback.archive.org/web/20160308012340/http://aegisidentity.com/
",20160308,aegisidentity.com:96,8
"http://wayback.archive.org/web/20160402183119/http://aegisidentity.com
",20160402,aegisidentity.com:97,8
"http://wayback.archive.org/web/20160913011546/http://www.aegisidentity.com/
",20160913,aegisidentity.com:98,8
"http://wayback.archive.org/web/20161002051229/http://aegisidentity.com/
",20161002,aegisidentity.com:99,8
"http://wayback.archive.org/web/20170628020429/http://aegisidentity.com/
",20170628,aegisidentity.com:100,8
"http://wayback.archive.org/web/20170924143335/http://aegisidentity.com/
",20170924,aegisidentity.com:101,8
"http://wayback.archive.org/web/20180311215824/http://aegisidentity.com:80/
",20180311,aegisidentity.com:102,8
"http://wayback.archive.org/web/20180513054527/http://aegisidentity.com:80/
",20180513,aegisidentity.com:103,8
"http://wayback.archive.org/web/20180625171716/http://aegisidentity.com:80/
",20180625,aegisidentity.com:104,8
"http://wayback.archive.org/web/20180728065352/http://aegisidentity.com:80/
",20180728,aegisidentity.com:105,8
"http://wayback.archive.org/web/20180806011129/http://aegisidentity.com/
",20180806,aegisidentity.com:106,8
"http://wayback.archive.org/web/20181005025646/http://aegisidentity.com:80/
",20181005,aegisidentity.com:107,8
"http://wayback.archive.org/web/20181228111257/http://aegisidentity.com/
",20181228,aegisidentity.com:108,8
"http://wayback.archive.org/web/20190506002140/http://aegisidentity.com/
",20190506,aegisidentity.com:109,8
"http://wayback.archive.org/web/20000302095137/http://www.aesp.com:80/
",20000302,aesp.com:80,9
"http://wayback.archive.org/web/20000510010029/http://aesp.com:80/
",20000510,aesp.com:81,9
"http://wayback.archive.org/web/20000619190815/http://aesp.com:80/
",20000619,aesp.com:82,9
"http://wayback.archive.org/web/20000815202920/http://www.aesp.com:80/
",20000815,aesp.com:83,9
"http://wayback.archive.org/web/20001010213658/http://aesp.com:80/
",20001010,aesp.com:84,9
"http://wayback.archive.org/web/20001205122800/http://www.aesp.com:80/
",20001205,aesp.com:85,9
"http://wayback.archive.org/web/20010119182200/http://www.aesp.com:80/
",20010119,aesp.com:86,9
"http://wayback.archive.org/web/20010201063900/http://aesp.com:80/
",20010201,aesp.com:87,9
"http://wayback.archive.org/web/20010301200843/http://www.aesp.com:80/
",20010301,aesp.com:88,9
"http://wayback.archive.org/web/20010401223857/http://www.aesp.com:80/
",20010401,aesp.com:89,9
"http://wayback.archive.org/web/20010515220226/http://www.aesp.com:80/
",20010515,aesp.com:90,9
"http://wayback.archive.org/web/20010721144711/http://aesp.com:80/
",20010721,aesp.com:91,9
"http://wayback.archive.org/web/20010926222334/http://aesp.com:80/
",20010926,aesp.com:92,9
"http://wayback.archive.org/web/20011128200830/http://aesp.com:80/
",20011128,aesp.com:93,9
"http://wayback.archive.org/web/20020120152547/http://aesp.com:80/
",20020120,aesp.com:94,9
"http://wayback.archive.org/web/20020324032409/http://aesp.com:80/
",20020324,aesp.com:95,9
"http://wayback.archive.org/web/20020527235929/http://www.aesp.com:80/
",20020527,aesp.com:96,9
"http://wayback.archive.org/web/20020601024807/http://aesp.com:80/
",20020601,aesp.com:97,9
"http://wayback.archive.org/web/20020723082540/http://aesp.com:80/
",20020723,aesp.com:98,9
"http://wayback.archive.org/web/20020802173800/http://www.aesp.com:80/
",20020802,aesp.com:99,9
"http://wayback.archive.org/web/20020921115317/http://aesp.com:80/
",20020921,aesp.com:100,9
"http://wayback.archive.org/web/20021120070648/http://aesp.com:80/
",20021120,aesp.com:101,9
"http://wayback.archive.org/web/20030123165229/http://www.aesp.com:80/
",20030123,aesp.com:102,9
"http://wayback.archive.org/web/20030215000208/http://www.aesp.com:80/
",20030215,aesp.com:103,9
"http://wayback.archive.org/web/20030329215757/http://www.aesp.com:80/
",20030329,aesp.com:104,9
"http://wayback.archive.org/web/20030405213036/http://www.aesp.com:80/
",20030405,aesp.com:105,9
"http://wayback.archive.org/web/20030527211338/http://aesp.com:80/
",20030527,aesp.com:106,9
"http://wayback.archive.org/web/20030618173428/http://www.aesp.com:80/
",20030618,aesp.com:107,9
"http://wayback.archive.org/web/20030723101545/http://aesp.com:80/
",20030723,aesp.com:108,9
"http://wayback.archive.org/web/20030802210229/http://www.aesp.com:80/
",20030802,aesp.com:109,9
"http://wayback.archive.org/web/20031002035921/http://aesp.com:80/
",20031002,aesp.com:110,9
"http://wayback.archive.org/web/20031121181514/http://www.aesp.com:80/
",20031121,aesp.com:111,9
"http://wayback.archive.org/web/20031205040334/http://www.aesp.com:80/
",20031205,aesp.com:112,9
"http://wayback.archive.org/web/20040130230354/http://www.aesp.com:80/
",20040130,aesp.com:113,9
"http://wayback.archive.org/web/20040320103227/http://www.aesp.com:80/
",20040320,aesp.com:114,9
"http://wayback.archive.org/web/20040518202339/http://aesp.com:80/
",20040518,aesp.com:115,9
"http://wayback.archive.org/web/20040605163031/http://aesp.com:80/
",20040605,aesp.com:116,9
"http://wayback.archive.org/web/20040701082503/http://www.aesp.com:80/
",20040701,aesp.com:117,9
"http://wayback.archive.org/web/20040829224046/http://aesp.com:80/
",20040829,aesp.com:118,9
"http://wayback.archive.org/web/20040906111117/http://aesp.com:80/
",20040906,aesp.com:119,9
"http://wayback.archive.org/web/20041125012701/http://www.aesp.com:80/
",20041125,aesp.com:120,9
"http://wayback.archive.org/web/20041204182651/http://aesp.com:80/
",20041204,aesp.com:121,9
"http://wayback.archive.org/web/20050125153322/http://aesp.com:80/
",20050125,aesp.com:122,9
"http://wayback.archive.org/web/20050205055636/http://www.aesp.com:80/
",20050205,aesp.com:123,9
"http://wayback.archive.org/web/20050403175359/http://www.aesp.com:80/
",20050403,aesp.com:124,9
"http://wayback.archive.org/web/20050528083134/http://www.aesp.com:80/
",20050528,aesp.com:125,9
"http://wayback.archive.org/web/20050708032647/http://www.aesp.com:80/
",20050708,aesp.com:126,9
"http://wayback.archive.org/web/20051029124623/http://www.aesp.com:80/
",20051029,aesp.com:127,9
"http://wayback.archive.org/web/20051112010511/http://www.aesp.com:80/
",20051112,aesp.com:128,9
"http://wayback.archive.org/web/20051201141043/http://www.aesp.com:80/
",20051201,aesp.com:129,9
"http://wayback.archive.org/web/20060127230500/http://www.aesp.com:80/
",20060127,aesp.com:130,9
"http://wayback.archive.org/web/20060201233532/http://www.aesp.com:80/
",20060201,aesp.com:131,9
"http://wayback.archive.org/web/20060310053818/http://www.aesp.com:80/
",20060310,aesp.com:132,9
"http://wayback.archive.org/web/20060402202022/http://aesp.com:80/
",20060402,aesp.com:133,9
"http://wayback.archive.org/web/20060610105823/http://aesp.com:80/
",20060610,aesp.com:134,9
"http://wayback.archive.org/web/20060715001829/http://aesp.com:80/
",20060715,aesp.com:135,9
"http://wayback.archive.org/web/20060821104420/http://www.aesp.com:80/
",20060821,aesp.com:136,9
"http://wayback.archive.org/web/20060929064504/http://www.aesp.com:80/
",20060929,aesp.com:137,9
"http://wayback.archive.org/web/20061004132444/http://www.aesp.com:80/
",20061004,aesp.com:138,9
"http://wayback.archive.org/web/20061101195442/http://www.aesp.com:80/
",20061101,aesp.com:139,9
"http://wayback.archive.org/web/20070115181035/http://www.aesp.com:80/
",20070115,aesp.com:140,9
"http://wayback.archive.org/web/20070205065732/http://www.aesp.com:80/
",20070205,aesp.com:141,9
"http://wayback.archive.org/web/20070315013312/http://www.aesp.com:80/
",20070315,aesp.com:142,9
"http://wayback.archive.org/web/20070403205000/http://www.aesp.com:80/
",20070403,aesp.com:143,9
"http://wayback.archive.org/web/20070606080513/http://www.aesp.com:80/
",20070606,aesp.com:144,9
"http://wayback.archive.org/web/20070707061255/http://aesp.com:80/
",20070707,aesp.com:145,9
"http://wayback.archive.org/web/20070820172621/http://aesp.com:80/
",20070820,aesp.com:146,9
"http://wayback.archive.org/web/20070920221855/http://aesp.com:80/
",20070920,aesp.com:147,9
"http://wayback.archive.org/web/20071001184915/http://www.aesp.com:80/
",20071001,aesp.com:148,9
"http://wayback.archive.org/web/20071128041822/http://www.aesp.com:80/
",20071128,aesp.com:149,9
"http://wayback.archive.org/web/20071228232605/http://www.aesp.com:80/
",20071228,aesp.com:150,9
"http://wayback.archive.org/web/20080129201356/http://www.aesp.com:80/
",20080129,aesp.com:151,9
"http://wayback.archive.org/web/20080302135112/http://www.aesp.com:80/
",20080302,aesp.com:152,9
"http://wayback.archive.org/web/20080402122106/http://www.aesp.com:80/
",20080402,aesp.com:153,9
"http://wayback.archive.org/web/20080514211653/http://www.aesp.com/
",20080514,aesp.com:154,9
"http://wayback.archive.org/web/20080610052511/http://www.aesp.com:80/
",20080610,aesp.com:155,9
"http://wayback.archive.org/web/20080816061810/http://www.aesp.com:80/
",20080816,aesp.com:156,9
"http://wayback.archive.org/web/20080914020352/http://www.aesp.com:80/
",20080914,aesp.com:157,9
"http://wayback.archive.org/web/20081014114634/http://www.aesp.com:80/
",20081014,aesp.com:158,9
"http://wayback.archive.org/web/20090125083755/http://aesp.com:80/
",20090125,aesp.com:159,9
"http://wayback.archive.org/web/20090226052712/http://aesp.com:80/
",20090226,aesp.com:160,9
"http://wayback.archive.org/web/20090321081824/http://www.aesp.com/
",20090321,aesp.com:161,9
"http://wayback.archive.org/web/20090402123355/http://www.aesp.com/
",20090402,aesp.com:162,9
"http://wayback.archive.org/web/20090503123700/http://www.aesp.com/
",20090503,aesp.com:163,9
"http://wayback.archive.org/web/20090622155108/http://www.aesp.com/
",20090622,aesp.com:164,9
"http://wayback.archive.org/web/20090704081634/http://www.aesp.com/
",20090704,aesp.com:165,9
"http://wayback.archive.org/web/20090815072631/http://www.aesp.com:80/
",20090815,aesp.com:166,9
"http://wayback.archive.org/web/20090918100814/http://www.aesp.com:80/
",20090918,aesp.com:167,9
"http://wayback.archive.org/web/20091216121235/http://aesp.com:80/
",20091216,aesp.com:168,9
"http://wayback.archive.org/web/20100201144217/http://aesp.com:80/
",20100201,aesp.com:169,9
"http://wayback.archive.org/web/20110202123526/http://aesp.com/
",20110202,aesp.com:170,9
"http://wayback.archive.org/web/20110419193024/http://www.aesp.com/
",20110419,aesp.com:171,9
"http://wayback.archive.org/web/20110906075411/http://www.aesp.com:80/
",20110906,aesp.com:172,9
"http://wayback.archive.org/web/20111026072218/http://www.aesp.com:80/
",20111026,aesp.com:173,9
"http://wayback.archive.org/web/20111127143702/http://aesp.com:80/
",20111127,aesp.com:174,9
"http://wayback.archive.org/web/20111228125622/http://aesp.com:80/
",20111228,aesp.com:175,9
"http://wayback.archive.org/web/20120828025014/http://aesp.com:80/
",20120828,aesp.com:176,9
"http://wayback.archive.org/web/20121114131316/http://www.aesp.com/
",20121114,aesp.com:177,9
"http://wayback.archive.org/web/20130218000535/http://www.aesp.com/
",20130218,aesp.com:178,9
"http://wayback.archive.org/web/20130501121250/http://www.aesp.com/
",20130501,aesp.com:179,9
"http://wayback.archive.org/web/20130724013656/http://www.aesp.com/
",20130724,aesp.com:180,9
"http://wayback.archive.org/web/20131112003900/http://www.aesp.com/
",20131112,aesp.com:181,9
"http://wayback.archive.org/web/20140302011823/http://www.aesp.com:80/
",20140302,aesp.com:182,9
"http://wayback.archive.org/web/20140516224054/http://aesp.com/
",20140516,aesp.com:183,9
"http://wayback.archive.org/web/20140909090820/http://www.aesp.com/
",20140909,aesp.com:184,9
"http://wayback.archive.org/web/20141012204229/http://www.aesp.com:80/
",20141012,aesp.com:185,9
"http://wayback.archive.org/web/20141216185402/http://aesp.com/
",20141216,aesp.com:186,9
"http://wayback.archive.org/web/20150103025610/http://aesp.com:80/
",20150103,aesp.com:187,9
"http://wayback.archive.org/web/20150215054345/http://aesp.com:80/
",20150215,aesp.com:188,9
"http://wayback.archive.org/web/20150511144210/http://www.aesp.com:80/
",20150511,aesp.com:189,9
"http://wayback.archive.org/web/20150610103918/http://www.aesp.com/
",20150610,aesp.com:190,9
"http://wayback.archive.org/web/20150801012417/http://aesp.com/
",20150801,aesp.com:191,9
"http://wayback.archive.org/web/20150908134941/http://www.aesp.com/
",20150908,aesp.com:192,9
"http://wayback.archive.org/web/20151008055235/http://aesp.com:80/
",20151008,aesp.com:193,9
"http://wayback.archive.org/web/20151108155642/http://www.aesp.com:80/
",20151108,aesp.com:194,9
"http://wayback.archive.org/web/20151209232525/http://aesp.com:80/
",20151209,aesp.com:195,9
"http://wayback.archive.org/web/20160109131852/http://aesp.com/
",20160109,aesp.com:196,9
"http://wayback.archive.org/web/20160201013504/http://aesp.com:80/
",20160201,aesp.com:197,9
"http://wayback.archive.org/web/20160307135054/http://aesp.com/
",20160307,aesp.com:198,9
"http://wayback.archive.org/web/20160503033002/http://www.aesp.com:80/
",20160503,aesp.com:199,9
"http://wayback.archive.org/web/20160605024131/http://www.aesp.com:80/
",20160605,aesp.com:200,9
"http://wayback.archive.org/web/20160708204727/http://www.aesp.com:80/
",20160708,aesp.com:201,9
"http://wayback.archive.org/web/20160811071504/http://www.aesp.com:80/
",20160811,aesp.com:202,9
"http://wayback.archive.org/web/20160913202530/http://www.aesp.com/
",20160913,aesp.com:203,9
"http://wayback.archive.org/web/20161002092252/http://aesp.com/
",20161002,aesp.com:204,9
"http://wayback.archive.org/web/20170710012914/http://www.aesp.com/
",20170710,aesp.com:205,9
"http://wayback.archive.org/web/20111128020857/http://aftermaster.com:80/
",20111128,aftermaster.com,10
"http://wayback.archive.org/web/20111229221314/http://aftermaster.com:80/
",20111229,aftermaster.com,10
"http://wayback.archive.org/web/20120130090312/http://aftermaster.com:80/
",20120130,aftermaster.com,10
"http://wayback.archive.org/web/20120303181955/http://aftermaster.com:80/
",20120303,aftermaster.com,10
"http://wayback.archive.org/web/20130517075105/http://aftermaster.com/
",20130517,aftermaster.com,10
"http://wayback.archive.org/web/20140516205320/http://aftermaster.com/
",20140516,aftermaster.com,10
"http://wayback.archive.org/web/20141216182202/http://aftermaster.com/
",20141216,aftermaster.com,10
"http://wayback.archive.org/web/20150514023929/http://aftermaster.com:80/
",20150514,aftermaster.com,10
"http://wayback.archive.org/web/20150715031610/http://aftermaster.com:80/
",20150715,aftermaster.com,10
"http://wayback.archive.org/web/20150801005023/http://aftermaster.com/
",20150801,aftermaster.com,10
"http://wayback.archive.org/web/20150915054437/http://aftermaster.com:80/
",20150915,aftermaster.com,10
"http://wayback.archive.org/web/20151018023806/http://aftermaster.com:80/
",20151018,aftermaster.com,10
"http://wayback.archive.org/web/20151118011801/http://aftermaster.com:80/
",20151118,aftermaster.com,10
"http://wayback.archive.org/web/20151218163632/http://aftermaster.com:80/
",20151218,aftermaster.com,10
"http://wayback.archive.org/web/20160109064545/http://aftermaster.com/
",20160109,aftermaster.com,10
"http://wayback.archive.org/web/20160202222035/http://aftermaster.com/
",20160202,aftermaster.com,10
"http://wayback.archive.org/web/20160304174616/http://aftermaster.com/
",20160304,aftermaster.com,10
"http://wayback.archive.org/web/20160415170146/http://aftermaster.com:80/
",20160415,aftermaster.com,10
"http://wayback.archive.org/web/20160510143443/http://aftermaster.com:80/
",20160510,aftermaster.com,10
"http://wayback.archive.org/web/20160609132455/http://aftermaster.com:80/
",20160609,aftermaster.com,10
"http://wayback.archive.org/web/20160716055836/http://aftermaster.com:80/
",20160716,aftermaster.com,10
"http://wayback.archive.org/web/20160816163939/http://aftermaster.com:80/
",20160816,aftermaster.com,10
"http://wayback.archive.org/web/20160917113319/http://aftermaster.com:80/
",20160917,aftermaster.com,10
"http://wayback.archive.org/web/20161001162247/http://aftermaster.com/
",20161001,aftermaster.com,10
"http://wayback.archive.org/web/20161212051417/http://aftermaster.com:80/
",20161212,aftermaster.com,10
"http://wayback.archive.org/web/20170515054003/http://aftermaster.com:80/
",20170515,aftermaster.com,10
"http://wayback.archive.org/web/20170617211242/http://aftermaster.com:80/
",20170617,aftermaster.com,10
"http://wayback.archive.org/web/20170710233355/http://aftermaster.com/
",20170710,aftermaster.com,10
"http://wayback.archive.org/web/20170819092319/http://aftermaster.com:80/
",20170819,aftermaster.com,10
"http://wayback.archive.org/web/20170915055436/http://aftermaster.com/
",20170915,aftermaster.com,10
"http://wayback.archive.org/web/20171020131614/http://aftermaster.com:80/
",20171020,aftermaster.com,10
"http://wayback.archive.org/web/20171120152508/http://aftermaster.com:80/
",20171120,aftermaster.com,10
"http://wayback.archive.org/web/20171222024858/http://aftermaster.com:80/
",20171222,aftermaster.com,10
"http://wayback.archive.org/web/20180122062817/http://aftermaster.com:80/
",20180122,aftermaster.com,10
"http://wayback.archive.org/web/20180222073709/http://aftermaster.com:80/
",20180222,aftermaster.com,10
"http://wayback.archive.org/web/20180316234447/http://aftermaster.com/
",20180316,aftermaster.com,10
"http://wayback.archive.org/web/20180420072851/http://aftermaster.com:80/
",20180420,aftermaster.com,10
"http://wayback.archive.org/web/20180515014234/http://www.aftermaster.com/
",20180515,aftermaster.com,10
"http://wayback.archive.org/web/20180617151432/http://aftermaster.com:80/
",20180617,aftermaster.com,10
"http://wayback.archive.org/web/20180719005431/http://aftermaster.com:80/
",20180719,aftermaster.com,10
"http://wayback.archive.org/web/20180804200933/http://aftermaster.com/
",20180804,aftermaster.com,10
"http://wayback.archive.org/web/20181021014436/http://aftermaster.com:80/
",20181021,aftermaster.com,10
"http://wayback.archive.org/web/20181204010101/http://aftermaster.com/
",20181204,aftermaster.com,10
"http://wayback.archive.org/web/20190118040311/http://aftermaster.com/
",20190118,aftermaster.com,10
